<?xml version="1.0" encoding="UTF-8"?>
<!--
 * This file is part of FacturaScripts
 * Copyright (C) 2017-2021 Carlos Garcia Gomez <carlos@facturascripts.com>
 *
 * This program is free software: you can redistribute it and/or modify
 * it under the terms of the GNU Lesser General Public License as
 * published by the Free Software Foundation, either version 3 of the
 * License, or (at your option) any later version.
 *
 * This program is distributed in the hope that it will be useful,
 * but WITHOUT ANY WARRANTY; without even the implied warranty of
 * MERCHANTABILITY or FITNESS FOR A PARTICULAR PURPOSE. See the
 * GNU Lesser General Public License for more details.
 *
 * You should have received a copy of the GNU Lesser General Public License
 * along with this program. If not, see <http://www.gnu.org/licenses/>.
 *
 * @author Nazca Networks               <comercial@nazcanetworks.com>
 * @author Fco. Antonio Moreno Pérez    <famphuelva@gmail.com>
 * @author Carlos García Gómez          <carlos@facturascripts.com>
-->
<view>
    <columns>
        <group name="data" numcolumns="12">
            <column name="code" description="optional" numcolumns="2" order="100">
                <widget type="text" fieldname="codproveedor" icon="fas fa-hashtag" maxlength="10" readonly="dinamic" />
            </column>
            <column name="name" numcolumns="3" order="110" description="desc-provider-name">
                <widget type="text" fieldname="nombre" maxlength="100" required="true"/>
            </column>
            <column name="business-name" numcolumns="3" order="120" description="desc-provider-business-name">
                <widget type="text" fieldname="razonsocial" maxlength="100" />
            </column>
            <column name="fiscal-id" titleurl="ListIdentificadorFiscal" numcolumns="2" order="130">
                <widget type="select" fieldname="tipoidfiscal" required="true">
                    <values source="idsfiscales" fieldcode="tipoidfiscal" fieldtitle="tipoidfiscal" />
                </widget>
            </column>
            <column name="fiscal-number" numcolumns="2" order="140">
                <widget type="text" fieldname="cifnif" maxlength="30" icon="fas fa-id-card" />
            </column>
            <column name="fiscal-mode" title="is-person" numcolumns="4" order="150">
                <widget type="checkbox" fieldname="personafisica" />
            </column>
            <column name="is-creditor" title="is-creditor" numcolumns="3" order="160">
                <widget type="checkbox" fieldname="acreedor" />
            </column>
        </group>
        <group name="contact" title="contact-info" numcolumns="12">
            <column name="contact" titleurl="ListProveedor?activetab=ListContacto" order="100">
                <widget type="select" fieldname="idcontacto" onclick="EditContacto" />
            </column>
            <column name="phone" order="110">
                <widget type="tel" fieldname="telefono1" maxlength="30" icon="fas fa-phone" />
            </column>
            <column name="phone2" order="120">
                <widget type="tel" fieldname="telefono2" maxlength="30" icon="fas fa-mobile-alt" />
            </column>
            <column name="fax" display="none" order="130">
                <widget type="tel" fieldname="fax" maxlength="30" icon="fas fa-fax" />
            </column>
            <column name="email" order="140">
                <widget type="email" fieldname="email" maxlength="100" icon="fas fa-envelope" />
            </column>
            <column name="website" order="150">
                <widget type="link" fieldname="web" maxlength="100" />
            </column>
        </group>
        <group name="comercial" title="commercial-terms" numcolumns="12">
            <column name="serie" titleurl="ListSerie" numcolumns="3" order="100">
                <widget type="select" fieldname="codserie" onclick="EditSerie">
                    <values source="series" fieldcode="codserie" fieldtitle="descripcion" />
                </widget>
            </column>
            <column name="payment-method" numcolumns="3" titleurl="ListFormaPago" order="110">
                <widget type="select" fieldname="codpago" onclick="EditFormaPago">
                    <values source="formaspago" fieldcode="codpago" fieldtitle="descripcion" />
                </widget>
            </column>
            <column name="tax-transport" titleurl="ListImpuesto" numcolumns="3" order="120">
                <widget type="select" fieldname="codimpuestoportes">
                    <values source="impuestos" fieldcode="codimpuesto" fieldtitle="descripcion" />
                </widget>
            </column>
            <column name="vat-regime" numcolumns="3" order="130">
                <widget type="select" fieldname="regimeniva" required="true" />
            </column>
            <column name="retention" titleurl="ListImpuesto?activetab=ListRetencion" numcolumns="3" order="140">
                <widget type="select" fieldname="codretencion" onclick="EditRetencion">
                    <values source="retenciones" fieldcode="codretencion" fieldtitle="descripcion" />
                </widget>
            </column>
            <column name="subaccount" description="customer-subaccount-p" titleurl="ListCuenta" numcolumns="3" order="150">
                <widget type="text" fieldname="codsubcuenta" maxlength="15" icon="fas fa-balance-scale" />
            </column>
        </group>
        <group name="notes" numcolumns="9">
            <column name="observations" order="100">
                <widget type="textarea" fieldname="observaciones" rows="5" />
            </column>
        </group>
        <group name="other" numcolumns="3">
            <column name="creation-date" numcolumns="12" order="100">
                <widget type="date" fieldname="fechaalta" icon="fas fa-calendar-alt" readonly="true" />
            </column>
            <column name="date-of-suspension" numcolumns="12" order="110">
                <widget type="date" fieldname="fechabaja" icon="fas fa-calendar-alt" />
            </column>
        </group>
    </columns>
    <rows>
        <row type="statistics">
            <datalabel icon="fas fa-copy" label="delivery-notes-button" function="getDeliveryNotesRisk" />
            <datalabel icon="fas fa-money-bill-alt" label="pending-invoices-button" function="getInvoicesRisk" />
        </row>
    </rows>
</view>