<?xml version="1.0" encoding="UTF-8"?>
<!--
 * This file is part of FacturaScripts
 * Copyright (C) 2017-2020  Carlos Garcia Gomez <carlos@facturascripts.com>
 * Copyright (C) 2017       Joe Nilson          <joenilson@gmail.com>
 *
 * This program is free software: you can redistribute it and/or modify
 * it under the terms of the GNU Lesser General Public License as
 * published by the Free Software Foundation, either version 3 of the
 * License, or (at your option) any later version.
 *
 * This program is distributed in the hope that it will be useful,
 * but WITHOUT ANY WARRANTY; without even the implied warranty of
 * MERCHANTABILITY or FITNESS FOR A PARTICULAR PURPOSE. See the
 * GNU Lesser General Public License for more details.
 *
 * You should have received a copy of the GNU Lesser General Public License
 * along with this program. If not, see <http://www.gnu.org/licenses/>.
 *
 * @author Carlos García Gómez  <carlos@facturascripts.com>
 * @author Joe Nilson           <joenilson@gmail.com>
-->
<view>
    <columns>
        <group name="data" numcolumns="12">
            <column name="code" title="bank-mandate" numcolumns="2" order="100">
                <widget type="text" fieldname="codcuenta" readonly="true" />
            </column>
            <column name="customer" display="none" order="110">
                <widget type="text" fieldname="codcliente" />
            </column>
            <column name="description" numcolumns="2" order="120">
                <widget type="text" fieldname="descripcion" maxlength="100" required="true" />
            </column>
            <column name="iban" order="130">
                <widget type="text" fieldname="iban" maxlength="34" />
            </column>
            <column name="swift" numcolumns="2" order="140">
                <widget type="text" fieldname="swift" maxlength="11" />
            </column>
        </group>
        <group name="other" numcolumns="12" valign="bottom">
            <column name="bank-mandate-date" numcolumns="3" order="100">
                <widget type="date" fieldname="fmandato" />
            </column>
            <column name="principal" order="110">
                <widget type="checkbox" fieldname="principal" />
            </column>
        </group>
    </columns>
</view>
