<?xml version="1.0" encoding="UTF-8"?>
<!--
 * This file is part of FacturaScripts
 * Copyright (C) 2019-2020 Carlos Garcia Gomez <carlos@facturascripts.com>
 *
 * This program is free software: you can redistribute it and/or modify
 * it under the terms of the GNU Lesser General Public License as
 * published by the Free Software Foundation, either version 3 of the
 * License, or (at your option) any later version.
 *
 * This program is distributed in the hope that it will be useful,
 * but WITHOUT ANY WARRANTY; without even the implied warranty of
 * MERCHANTABILITY or FITNESS FOR A PARTICULAR PURPOSE. See the
 * GNU Lesser General Public License for more details.
 *
 * You should have received a copy of the GNU Lesser General Public License
 * along with this program. If not, see <http://www.gnu.org/licenses/>.
 *
 * @author Artex Trading sa     <jcuello@artextrading.com>
 * @author Carlos García Gómez  <carlos@facturascripts.com>
-->
<view>
    <columns>
        <group name="data" numcolumns="12">
            <column name="idcomision" display="none" order="100">
                <widget type="text" fieldname="id" />
            </column>
            <column name="agent" titleurl="ListAgente" order="110">
                <widget type="select" fieldname="codagente" onclick="EditAgente">
                    <values source="agentes" fieldcode="codagente" fieldtitle="nombre" />
                </widget>
            </column>
            <column name="commission" order="120">
                <widget type="number" decimal="2" min="0.01" max="100.00" step="0.01" fieldname="porcentaje" icon="fas fa-percentage" required="true" />
            </column>
            <column name="priority" order="130">
                <widget type="number" decimal="0" fieldname="prioridad" icon="fas fa-sort-numeric-down-alt" required="true" />
            </column>
        </group>
        <group name="conditions" title="conditions" icon="fas fa-filter" numcolumns="12">
            <column name="company" order="100">
                <widget type="select" fieldname="idempresa" onclick="EditEmpresa" required="true" readonly="dinamic">
                    <values source="empresas" fieldcode="idempresa" fieldtitle="nombrecorto" />
                </widget>
            </column>
            <column name="customer" description="optional" order="110">
                <widget type="autocomplete" fieldname="codcliente" onclick="EditCliente">
                    <values source="clientes" fieldcode="codcliente" fieldtitle="nombre" />
                </widget>
            </column>
            <column name="family" description="optional" order="120">
                <widget type="select" fieldname="codfamilia" onclick="EditFamilia">
                    <values source="familias" fieldcode="codfamilia" fieldtitle="descripcion" />
                </widget>
            </column>
            <column name="product" description="optional" order="130">
                <widget type="autocomplete" fieldname="idproducto" onclick="EditProducto">
                    <values source="productos" fieldcode="idproducto" fieldtitle="referencia" />
                </widget>
            </column>
        </group>
    </columns>
</view>
