<?xml version="1.0" encoding="UTF-8"?>
<!--
 * This file is part of FacturaScripts
 * Copyright (C) 2019 Carlos Garcia Gomez <carlos@facturascripts.com>
 *
 * This program is free software: you can redistribute it and/or modify
 * it under the terms of the GNU Lesser General Public License as
 * published by the Free Software Foundation, either version 3 of the
 * License, or (at your option) any later version.
 *
 * This program is distributed in the hope that it will be useful,
 * but WITHOUT ANY WARRANTY; without even the implied warranty of
 * MERCHANTABILITY or FITNESS FOR A PARTICULAR PURPOSE. See the
 * GNU Lesser General Public License for more details.
 *
 * You should have received a copy of the GNU Lesser General Public License
 * along with this program. If not, see <http://www.gnu.org/licenses/>.
 *
 * @author Carlos García Gómez <carlos@facturascripts.com>
-->
<view>
    <columns>
        <group name="data" numcolumns="12">
            <column name="code" display="none" order="100">
                <widget type="text" fieldname="id" />
            </column>
            <column name="name" order="110">
                <widget type="text" fieldname="name" required="true" />
            </column>
            <column name="table" order="120">
                <widget type="select" fieldname="table" required="true" />
            </column>
            <column name="x-column" order="140">
                <widget type="select" fieldname="xcolumn" />
            </column>
            <column name="x-operation" order="150">
                <widget type="select" fieldname="xoperation" translate="true">
                    <values title="group-by-day">DAY</values>
                    <values title="group-by-week">WEEK</values>
                    <values title="group-by-month">MONTH</values>
                    <values title="group-by-year">YEAR</values>
                    <values title="group-by-day-unixtime">UNIXTIME_DAY</values>
                    <values title="group-by-week-unixtime">UNIXTIME_WEEK</values>
                    <values title="group-by-month-unixtime">UNIXTIME_MONTH</values>
                    <values title="group-by-year-unixtime">UNIXTIME_YEAR</values>
                </widget>
            </column>
            <column name="y-column" order="160">
                <widget type="select" fieldname="ycolumn" />
            </column>
        </group>
        <group name="compare" numcolumns="12">
            <column name="compared" numcolumns="3" order="100">
                <widget type="select" fieldname="compared">
                    <values source="reports" fieldcode="id" fieldtitle="name"/>
                </widget>
            </column>
        </group>
    </columns>
</view>