<?xml version="1.0" encoding="UTF-8"?>
<!--
 * This file is part of FacturaScripts
 * Copyright (C) 2017-2020 Carlos Garcia Gomez <carlos@facturascripts.com>
 *
 * This program is free software: you can redistribute it and/or modify
 * it under the terms of the GNU Lesser General Public License as
 * published by the Free Software Foundation, either version 3 of the
 * License, or (at your option) any later version.
 *
 * This program is distributed in the hope that it will be useful,
 * but WITHOUT ANY WARRANTY; without even the implied warranty of
 * MERCHANTABILITY or FITNESS FOR A PARTICULAR PURPOSE. See the
 * GNU Lesser General Public License for more details.
 *
 * You should have received a copy of the GNU Lesser General Public License
 * along with this program. If not, see <http://www.gnu.org/licenses/>.
 *
 * @author Carlos García Gómez      <carlos@facturascripts.com>
 * @author Francesc Pineda Segarra  <francesc.pineda.segarra@gmail.com>
-->
<view>
    <columns>
        <group name="data" numcolumns="12">
            <column name="full-path" numcolumns="8" order="110">
                <widget type="file" fieldname="path" required="true" readonly="dinamic" />
            </column>
            <column name="file-name" numcolumns="4" order="120">
                <widget type="text" fieldname="filename" readonly="true" />
            </column>
            <column name="type" numcolumns="3" order="130">
                <widget type="text" fieldname="mimetype" readonly="true" />
            </column>
            <column name="size" numcolumns="3" order="140">
                <widget type="number" fieldname="size" readonly="true" />
            </column>
            <column name="date" numcolumns="3" order="150">
                <widget type="date" fieldname="date" readonly="true" />
            </column>
            <column name="hour" numcolumns="3" order="160">
                <widget type="text" fieldname="hour" readonly="true" />
            </column>
        </group>
    </columns>
</view>