<?xml version="1.0" encoding="UTF-8"?>
<!--
 * This file is part of FacturaScripts
 * Copyright (C) 2017-2018 Carlos Garcia Gomez <carlos@facturascripts.com>
 *
 * This program is free software: you can redistribute it and/or modify
 * it under the terms of the GNU Lesser General Public License as
 * published by the Free Software Foundation, either version 3 of the
 * License, or (at your option) any later version.
 *
 * This program is distributed in the hope that it will be useful,
 * but WITHOUT ANY WARRANTY; without even the implied warranty of
 * MERCHANTABILITY or FITNESS FOR A PARTICULAR PURPOSE. See the
 * GNU Lesser General Public License for more details.
 *
 * You should have received a copy of the GNU Lesser General Public License
 * along with this program. If not, see <http://www.gnu.org/licenses/>.
 *
 *
 * Initial description for the controller ListPageRule
 *
 * @author Artex Trading sa <jcuello@artextrading.com>
-->


<view>
    <columns>
        <column name="id" display="none" order="100">
            <widget type="text" fieldname="id"/>
        </column>
        <column name="nick" order="100">
            <widget type="text" fieldname="nick" />
        </column>
        <column name="pagename" order="110">
            <widget type="text" fieldname="pagename" />
        </column>
        <column name="allow-update" order="110">
            <widget type="checkbox" fieldname="allowupdate" />
        </column>
        <column name="allow-delete" order="110">
            <widget type="checkbox" fieldname="allowdelete" />
        </column>
    </columns>
</view>
