<?xml version="1.0" encoding="UTF-8"?>
<!--
 * This file is part of FacturaScripts
 * Copyright (C) 2017-2019 Carlos García Gómez <carlos@facturascripts.com>
 *
 * This program is free software: you can redistribute it and/or modify
 * it under the terms of the GNU Lesser General Public License as
 * published by the Free Software Foundation, either version 3 of the
 * License, or (at your option) any later version.
 *
 * This program is distributed in the hope that it will be useful,
 * but WITHOUT ANY WARRANTY; without even the implied warranty of
 * MERCHANTABILITY or FITNESS FOR A PARTICULAR PURPOSE. See the
 * GNU Lesser General Public License for more details.
 *
 * You should have received a copy of the GNU Lesser General Public License
 * along with this program. If not, see <http://www.gnu.org/licenses/>.
 *
 * @author Carlos García Gómez      <carlos@facturascripts.com>
 * @author Francesc Pineda Segarra  <francesc.pineda.segarra@gmail.com>
-->
<view>
    <columns>
        <column name="id" display="none" order="100">
            <widget type="text" fieldname="idprovincia" onclick="EditProvincia" />
        </column>
        <column name="name" order="110">
            <widget type="text" fieldname="provincia" />
        </column>
        <column name="iso" order="120">
            <widget type="text" fieldname="codisoprov" />
        </column>
        <column name="country" display="right" order="130">
            <widget type="autocomplete" fieldname="codpais" onclick="EditPais">
                <values source="paises" fieldcode="codpais" fieldtitle="nombre" />
            </widget>
        </column>
        <column name="code" display="right" order="140">
            <widget type="text" maxlength="2" fieldname="codeid" icon="fas fa-hashtag"/>
        </column>
    </columns>
</view>
